sector,country,value
"Agriculture, Forestry & Fishing ",Australia,37402
"Animal product, Hunting, Crops & other.",Australia,0
Forestry & logging ,Australia,0
Fishing & Aquaculture ,Australia,0
Mining & Quarrying ,Australia,118151
Manufacturing ,Australia,83203
"Manuf. of Food, Beverages & Tobacco products ",Australia,0
"Manuf. of textiles, Wearing apparel & Other",Australia,0
Manuf. of wood & Paper products ,Australia,0
"Manuf. of wood & Products of wood & Cork,etc. ",Australia,0
Manuf. of paper & Paper products ,Australia,0
Printing & Reproduction of Recorded media ,Australia,0
Manuf. of coke & Refined petroleum ,Australia,0
Manuf. of Chemicals & Chemical products,Australia,0
Manuf. of Pharma products,Australia,0
"Manuf. of Rubber, Plastics & Nonmetallic products ",Australia,0
Manuf. of rubber & Plastics products,Australia,0
Manuf. of other Nonmetallic Mineral products,Australia,0
Manuf. Basic Metals & Fabricated metal prod.,Australia,0
"Manuf. of computer, Electronic & Optical products ",Australia,0
Manuf. of Electrical equipment ,Australia,0
Manuf. of Machinery & Equipment n.e.c. ,Australia,0
Manuf. of transport equipment ,Australia,0
Other Manuf. Products,Australia,0
"Electricity, gas, steam & Air Cond. supply ",Australia,36003
"Water supply, Waste management & similar",Australia,0
Construction ,Australia,108585
"Wholesale, Retail Trade & Repair of motor vehicles",Australia,117823
Transportation & Storage ,Australia,66222
Land transport & Transport via pipelines ,Australia,0
Water transport ,Australia,0
Air transport ,Australia,0
Warehousing & Support activities for transportation ,Australia,0
Postal & Courier activities ,Australia,0
Accommodation & Food service activ.,Australia,32925
Inform. & Communic.,Australia,34045
"Publishing, Audiovisual & Broadcasting activ.",Australia,0
Telecoms.,Australia,0
IT & Inform. Servic.,Australia,0
Financial & Insurance activ.,Australia,127321
Real estate activities ,Australia,160952
"Professional, Scient. & Technical activ.",Australia,97927
"Legal, Management Accounting, Architecture Engineering",Australia,0
Scientific research & Development ,Australia,0
"Other professional, Scientific & Technical activities ",Australia,0
"Admin, & Support Service activities ",Australia,46249
Rental & Leasing activ.,Australia,0
Employment activ.,Australia,0
"Travel agency, Tour operator & related activ.",Australia,0
"Security, Services to buildings & Related activities ",Australia,0
Public Admin. & Defence,Australia,72104
Education ,Australia,68343
Human Health & Social work activ. ,Australia,99414
"Arts, Recreation & Entertainment",Australia,11335
"Arts, Cultural & Gambling activ.",Australia,0
Sports activities & Recreational activ.,Australia,0
Other Service activ.,Australia,25024
"Agriculture, Forestry & Fishing ",Austria,0
"Animal product, Hunting, Crops & other.",Austria,3910
Forestry & logging ,Austria,1379
Fishing & Aquaculture ,Austria,32
Mining & Quarrying ,Austria,1300
Manufacturing ,Austria,0
"Manuf. of Food, Beverages & Tobacco products ",Austria,7508
"Manuf. of textiles, Wearing apparel & Other",Austria,1201
Manuf. of wood & Paper products ,Austria,0
"Manuf. of wood & Products of wood & Cork,etc. ",Austria,3006
Manuf. of paper & Paper products ,Austria,2416
Printing & Reproduction of Recorded media ,Austria,1056
Manuf. of coke & Refined petroleum ,Austria,647
Manuf. of Chemicals & Chemical products,Austria,3557
Manuf. of Pharma products,Austria,2800
"Manuf. of Rubber, Plastics & Nonmetallic products ",Austria,0
Manuf. of rubber & Plastics products,Austria,3119
Manuf. of other Nonmetallic Mineral products,Austria,3168
Manuf. Basic Metals & Fabricated metal prod.,Austria,12725
"Manuf. of computer, Electronic & Optical products ",Austria,4183
Manuf. of Electrical equipment ,Austria,6439
Manuf. of Machinery & Equipment n.e.c. ,Austria,10664
Manuf. of transport equipment ,Austria,5801
Other Manuf. Products,Austria,6364
"Electricity, gas, steam & Air Cond. supply ",Austria,7158
"Water supply, Waste management & similar",Austria,4065
Construction ,Austria,25456
"Wholesale, Retail Trade & Repair of motor vehicles",Austria,45556
Transportation & Storage ,Austria,0
Land transport & Transport via pipelines ,Austria,10962
Water transport ,Austria,62
Air transport ,Austria,1009
Warehousing & Support activities for transportation ,Austria,8542
Postal & Courier activities ,Austria,1718
Accommodation & Food service activ.,Austria,20450
Inform. & Communic.,Austria,0
"Publishing, Audiovisual & Broadcasting activ.",Austria,2981
Telecoms.,Austria,3385
IT & Inform. Servic.,Austria,7732
Financial & Insurance activ.,Austria,16458
Real estate activities ,Austria,38980
"Professional, Scient. & Technical activ.",Austria,0
"Legal, Management Accounting, Architecture Engineering",Austria,16561
Scientific research & Development ,Austria,1735
"Other professional, Scientific & Technical activities ",Austria,2813
"Admin, & Support Service activities ",Austria,0
Rental & Leasing activ.,Austria,5337
Employment activ.,Austria,4829
"Travel agency, Tour operator & related activ.",Austria,671
"Security, Services to buildings & Related activities ",Austria,6841
Public Admin. & Defence,Austria,19885
Education ,Austria,21219
Human Health & Social work activ. ,Austria,27681
"Arts, Recreation & Entertainment",Austria,0
"Arts, Cultural & Gambling activ.",Austria,3219
Sports activities & Recreational activ.,Austria,1778
Other Service activ.,Austria,6113
"Agriculture, Forestry & Fishing ",Belgium,0
"Animal product, Hunting, Crops & other.",Belgium,3233
Forestry & logging ,Belgium,99
Fishing & Aquaculture ,Belgium,64
Mining & Quarrying ,Belgium,296
Manufacturing ,Belgium,0
"Manuf. of Food, Beverages & Tobacco products ",Belgium,9836
"Manuf. of textiles, Wearing apparel & Other",Belgium,1677
Manuf. of wood & Paper products ,Belgium,0
"Manuf. of wood & Products of wood & Cork,etc. ",Belgium,1097
Manuf. of paper & Paper products ,Belgium,1248
Printing & Reproduction of Recorded media ,Belgium,1119
Manuf. of coke & Refined petroleum ,Belgium,2368
Manuf. of Chemicals & Chemical products,Belgium,10814
Manuf. of Pharma products,Belgium,8339
"Manuf. of Rubber, Plastics & Nonmetallic products ",Belgium,0
Manuf. of rubber & Plastics products,Belgium,2852
Manuf. of other Nonmetallic Mineral products,Belgium,3025
Manuf. Basic Metals & Fabricated metal prod.,Belgium,8565
"Manuf. of computer, Electronic & Optical products ",Belgium,1919
Manuf. of Electrical equipment ,Belgium,1335
Manuf. of Machinery & Equipment n.e.c. ,Belgium,4514
Manuf. of transport equipment ,Belgium,3948
Other Manuf. Products,Belgium,3914
"Electricity, gas, steam & Air Cond. supply ",Belgium,7078
"Water supply, Waste management & similar",Belgium,4764
Construction ,Belgium,24231
"Wholesale, Retail Trade & Repair of motor vehicles",Belgium,56026
Transportation & Storage ,Belgium,0
Land transport & Transport via pipelines ,Belgium,9672
Water transport ,Belgium,812
Air transport ,Belgium,605
Warehousing & Support activities for transportation ,Belgium,13022
Postal & Courier activities ,Belgium,2430
Accommodation & Food service activ.,Belgium,9005
Inform. & Communic.,Belgium,0
"Publishing, Audiovisual & Broadcasting activ.",Belgium,3738
Telecoms.,Belgium,6300
IT & Inform. Servic.,Belgium,10155
Financial & Insurance activ.,Belgium,29574
Real estate activities ,Belgium,43620
"Professional, Scient. & Technical activ.",Belgium,0
"Legal, Management Accounting, Architecture Engineering",Belgium,42885
Scientific research & Development ,Belgium,1701
"Other professional, Scientific & Technical activities ",Belgium,3225
"Admin, & Support Service activities ",Belgium,0
Rental & Leasing activ.,Belgium,6242
Employment activ.,Belgium,8893
"Travel agency, Tour operator & related activ.",Belgium,599
"Security, Services to buildings & Related activities ",Belgium,8463
Public Admin. & Defence,Belgium,35954
Education ,Belgium,32687
Human Health & Social work activ. ,Belgium,33686
"Arts, Recreation & Entertainment",Belgium,0
"Arts, Cultural & Gambling activ.",Belgium,1963
Sports activities & Recreational activ.,Belgium,1402
Other Service activ.,Belgium,6450
"Agriculture, Forestry & Fishing ",Chile,0
"Animal product, Hunting, Crops & other.",Chile,7920
Forestry & logging ,Chile,1567
Fishing & Aquaculture ,Chile,1880
Mining & Quarrying ,Chile,28358
Manufacturing ,Chile,0
"Manuf. of Food, Beverages & Tobacco products ",Chile,12095
"Manuf. of textiles, Wearing apparel & Other",Chile,586
Manuf. of wood & Paper products ,Chile,4586
"Manuf. of wood & Products of wood & Cork,etc. ",Chile,0
Manuf. of paper & Paper products ,Chile,0
Printing & Reproduction of Recorded media ,Chile,0
Manuf. of coke & Refined petroleum ,Chile,443
Manuf. of Chemicals & Chemical products,Chile,0
Manuf. of Pharma products,Chile,0
"Manuf. of Rubber, Plastics & Nonmetallic products ",Chile,0
Manuf. of rubber & Plastics products,Chile,3504
Manuf. of other Nonmetallic Mineral products,Chile,881
Manuf. Basic Metals & Fabricated metal prod.,Chile,389
"Manuf. of computer, Electronic & Optical products ",Chile,4658
Manuf. of Electrical equipment ,Chile,0
Manuf. of Machinery & Equipment n.e.c. ,Chile,0
Manuf. of transport equipment ,Chile,0
Other Manuf. Products,Chile,0
"Electricity, gas, steam & Air Cond. supply ",Chile,8716
"Water supply, Waste management & similar",Chile,0
Construction ,Chile,19019
"Wholesale, Retail Trade & Repair of motor vehicles",Chile,27425
Transportation & Storage ,Chile,14465
Land transport & Transport via pipelines ,Chile,0
Water transport ,Chile,0
Air transport ,Chile,0
Warehousing & Support activities for transportation ,Chile,0
Postal & Courier activities ,Chile,0
Accommodation & Food service activ.,Chile,6436
Inform. & Communic.,Chile,7841
"Publishing, Audiovisual & Broadcasting activ.",Chile,0
Telecoms.,Chile,0
IT & Inform. Servic.,Chile,0
Financial & Insurance activ.,Chile,13598
Real estate activities ,Chile,23021
"Professional, Scient. & Technical activ.",Chile,28669
"Legal, Management Accounting, Architecture Engineering",Chile,0
Scientific research & Development ,Chile,0
"Other professional, Scientific & Technical activities ",Chile,0
"Admin, & Support Service activities ",Chile,0
Rental & Leasing activ.,Chile,0
Employment activ.,Chile,0
"Travel agency, Tour operator & related activ.",Chile,0
"Security, Services to buildings & Related activities ",Chile,0
Public Admin. & Defence,Chile,14143
Education ,Chile,14983
Human Health & Social work activ. ,Chile,14929
"Arts, Recreation & Entertainment",Chile,0
"Arts, Cultural & Gambling activ.",Chile,0
Sports activities & Recreational activ.,Chile,0
Other Service activ.,Chile,4324
"Agriculture, Forestry & Fishing ",Czech Republic,0
"Animal product, Hunting, Crops & other.",Czech Republic,3624
Forestry & logging ,Czech Republic,1207
Fishing & Aquaculture ,Czech Republic,23
Mining & Quarrying ,Czech Republic,1548
Manufacturing ,Czech Republic,0
"Manuf. of Food, Beverages & Tobacco products ",Czech Republic,4769
"Manuf. of textiles, Wearing apparel & Other",Czech Republic,1308
Manuf. of wood & Paper products ,Czech Republic,0
"Manuf. of wood & Products of wood & Cork,etc. ",Czech Republic,1302
Manuf. of paper & Paper products ,Czech Republic,1009
Printing & Reproduction of Recorded media ,Czech Republic,686
Manuf. of coke & Refined petroleum ,Czech Republic,86
Manuf. of Chemicals & Chemical products,Czech Republic,2171
Manuf. of Pharma products,Czech Republic,908
"Manuf. of Rubber, Plastics & Nonmetallic products ",Czech Republic,0
Manuf. of rubber & Plastics products,Czech Republic,4446
Manuf. of other Nonmetallic Mineral products,Czech Republic,2510
Manuf. Basic Metals & Fabricated metal prod.,Czech Republic,7863
"Manuf. of computer, Electronic & Optical products ",Czech Republic,3449
Manuf. of Electrical equipment ,Czech Republic,4253
Manuf. of Machinery & Equipment n.e.c. ,Czech Republic,5061
Manuf. of transport equipment ,Czech Republic,12978
Other Manuf. Products,Czech Republic,3967
"Electricity, gas, steam & Air Cond. supply ",Czech Republic,6560
"Water supply, Waste management & similar",Czech Republic,2212
Construction ,Czech Republic,11279
"Wholesale, Retail Trade & Repair of motor vehicles",Czech Republic,23507
Transportation & Storage ,Czech Republic,0
Land transport & Transport via pipelines ,Czech Republic,6359
Water transport ,Czech Republic,14
Air transport ,Czech Republic,198
Warehousing & Support activities for transportation ,Czech Republic,4716
Postal & Courier activities ,Czech Republic,781
Accommodation & Food service activ.,Czech Republic,4485
Inform. & Communic.,Czech Republic,0
"Publishing, Audiovisual & Broadcasting activ.",Czech Republic,2312
Telecoms.,Czech Republic,2794
IT & Inform. Servic.,Czech Republic,6043
Financial & Insurance activ.,Czech Republic,8495
Real estate activities ,Czech Republic,18115
"Professional, Scient. & Technical activ.",Czech Republic,0
"Legal, Management Accounting, Architecture Engineering",Czech Republic,6461
Scientific research & Development ,Czech Republic,1672
"Other professional, Scientific & Technical activities ",Czech Republic,2478
"Admin, & Support Service activities ",Czech Republic,0
Rental & Leasing activ.,Czech Republic,1036
Employment activ.,Czech Republic,203
"Travel agency, Tour operator & related activ.",Czech Republic,341
"Security, Services to buildings & Related activities ",Czech Republic,2172
Public Admin. & Defence,Czech Republic,13036
Education ,Czech Republic,9090
Human Health & Social work activ. ,Czech Republic,9525
"Arts, Recreation & Entertainment",Czech Republic,0
"Arts, Cultural & Gambling activ.",Czech Republic,1496
Sports activities & Recreational activ.,Czech Republic,668
Other Service activ.,Czech Republic,2488
"Agriculture, Forestry & Fishing ",Denmark,0
"Animal product, Hunting, Crops & other.",Denmark,4171
Forestry & logging ,Denmark,353
Fishing & Aquaculture ,Denmark,458
Mining & Quarrying ,Denmark,3452
Manufacturing ,Denmark,0
"Manuf. of Food, Beverages & Tobacco products ",Denmark,5012
"Manuf. of textiles, Wearing apparel & Other",Denmark,484
Manuf. of wood & Paper products ,Denmark,0
"Manuf. of wood & Products of wood & Cork,etc. ",Denmark,679
Manuf. of paper & Paper products ,Denmark,424
Printing & Reproduction of Recorded media ,Denmark,456
Manuf. of coke & Refined petroleum ,Denmark,746
Manuf. of Chemicals & Chemical products,Denmark,3210
Manuf. of Pharma products,Denmark,10742
"Manuf. of Rubber, Plastics & Nonmetallic products ",Denmark,0
Manuf. of rubber & Plastics products,Denmark,1466
Manuf. of other Nonmetallic Mineral products,Denmark,1584
Manuf. Basic Metals & Fabricated metal prod.,Denmark,3532
"Manuf. of computer, Electronic & Optical products ",Denmark,2784
Manuf. of Electrical equipment ,Denmark,1271
Manuf. of Machinery & Equipment n.e.c. ,Denmark,6766
Manuf. of transport equipment ,Denmark,770
Other Manuf. Products,Denmark,4840
"Electricity, gas, steam & Air Cond. supply ",Denmark,3877
"Water supply, Waste management & similar",Denmark,2475
Construction ,Denmark,16832
"Wholesale, Retail Trade & Repair of motor vehicles",Denmark,38629
Transportation & Storage ,Denmark,0
Land transport & Transport via pipelines ,Denmark,5310
Water transport ,Denmark,5178
Air transport ,Denmark,903
Warehousing & Support activities for transportation ,Denmark,4118
Postal & Courier activities ,Denmark,900
Accommodation & Food service activ.,Denmark,4933
Inform. & Communic.,Denmark,0
"Publishing, Audiovisual & Broadcasting activ.",Denmark,4201
Telecoms.,Denmark,2961
IT & Inform. Servic.,Denmark,6714
Financial & Insurance activ.,Denmark,17707
Real estate activities ,Denmark,30870
"Professional, Scient. & Technical activ.",Denmark,0
"Legal, Management Accounting, Architecture Engineering",Denmark,12605
Scientific research & Development ,Denmark,4483
"Other professional, Scientific & Technical activities ",Denmark,2549
"Admin, & Support Service activities ",Denmark,0
Rental & Leasing activ.,Denmark,1811
Employment activ.,Denmark,2909
"Travel agency, Tour operator & related activ.",Denmark,486
"Security, Services to buildings & Related activities ",Denmark,4536
Public Admin. & Defence,Denmark,14762
Education ,Denmark,18824
Human Health & Social work activ. ,Denmark,31377
"Arts, Recreation & Entertainment",Denmark,0
"Arts, Cultural & Gambling activ.",Denmark,3252
Sports activities & Recreational activ.,Denmark,1375
Other Service activ.,Denmark,5308
"Agriculture, Forestry & Fishing ",Estonia,0
"Animal product, Hunting, Crops & other.",Estonia,337
Forestry & logging ,Estonia,297
Fishing & Aquaculture ,Estonia,39
Mining & Quarrying ,Estonia,297
Manufacturing ,Estonia,0
"Manuf. of Food, Beverages & Tobacco products ",Estonia,469
"Manuf. of textiles, Wearing apparel & Other",Estonia,227
Manuf. of wood & Paper products ,Estonia,0
"Manuf. of wood & Products of wood & Cork,etc. ",Estonia,651
Manuf. of paper & Paper products ,Estonia,81
Printing & Reproduction of Recorded media ,Estonia,103
Manuf. of coke & Refined petroleum ,Estonia,80
Manuf. of Chemicals & Chemical products,Estonia,125
Manuf. of Pharma products,Estonia,13
"Manuf. of Rubber, Plastics & Nonmetallic products ",Estonia,0
Manuf. of rubber & Plastics products,Estonia,143
Manuf. of other Nonmetallic Mineral products,Estonia,225
Manuf. Basic Metals & Fabricated metal prod.,Estonia,491
"Manuf. of computer, Electronic & Optical products ",Estonia,222
Manuf. of Electrical equipment ,Estonia,251
Manuf. of Machinery & Equipment n.e.c. ,Estonia,160
Manuf. of transport equipment ,Estonia,148
Other Manuf. Products,Estonia,447
"Electricity, gas, steam & Air Cond. supply ",Estonia,816
"Water supply, Waste management & similar",Estonia,208
Construction ,Estonia,1659
"Wholesale, Retail Trade & Repair of motor vehicles",Estonia,3006
Transportation & Storage ,Estonia,0
Land transport & Transport via pipelines ,Estonia,728
Water transport ,Estonia,166
Air transport ,Estonia,16
Warehousing & Support activities for transportation ,Estonia,899
Postal & Courier activities ,Estonia,73
Accommodation & Food service activ.,Estonia,497
Inform. & Communic.,Estonia,0
"Publishing, Audiovisual & Broadcasting activ.",Estonia,196
Telecoms.,Estonia,375
IT & Inform. Servic.,Estonia,906
Financial & Insurance activ.,Estonia,980
Real estate activities ,Estonia,2600
"Professional, Scient. & Technical activ.",Estonia,0
"Legal, Management Accounting, Architecture Engineering",Estonia,709
Scientific research & Development ,Estonia,252
"Other professional, Scientific & Technical activities ",Estonia,269
"Admin, & Support Service activities ",Estonia,0
Rental & Leasing activ.,Estonia,290
Employment activ.,Estonia,198
"Travel agency, Tour operator & related activ.",Estonia,72
"Security, Services to buildings & Related activities ",Estonia,395
Public Admin. & Defence,Estonia,1742
Education ,Estonia,1146
Human Health & Social work activ. ,Estonia,1010
"Arts, Recreation & Entertainment",Estonia,0
"Arts, Cultural & Gambling activ.",Estonia,222
Sports activities & Recreational activ.,Estonia,158
Other Service activ.,Estonia,228
"Agriculture, Forestry & Fishing ",Finland,0
"Animal product, Hunting, Crops & other.",Finland,1585
Forestry & logging ,Finland,4519
Fishing & Aquaculture ,Finland,155
Mining & Quarrying ,Finland,1123
Manufacturing ,Finland,0
"Manuf. of Food, Beverages & Tobacco products ",Finland,3230
"Manuf. of textiles, Wearing apparel & Other",Finland,491
Manuf. of wood & Paper products ,Finland,0
"Manuf. of wood & Products of wood & Cork,etc. ",Finland,1566
Manuf. of paper & Paper products ,Finland,3882
Printing & Reproduction of Recorded media ,Finland,508
Manuf. of coke & Refined petroleum ,Finland,1198
Manuf. of Chemicals & Chemical products,Finland,2632
Manuf. of Pharma products,Finland,1890
"Manuf. of Rubber, Plastics & Nonmetallic products ",Finland,0
Manuf. of rubber & Plastics products,Finland,1273
Manuf. of other Nonmetallic Mineral products,Finland,1345
Manuf. Basic Metals & Fabricated metal prod.,Finland,5450
"Manuf. of computer, Electronic & Optical products ",Finland,5418
Manuf. of Electrical equipment ,Finland,2204
Manuf. of Machinery & Equipment n.e.c. ,Finland,5978
Manuf. of transport equipment ,Finland,1273
Other Manuf. Products,Finland,2544
"Electricity, gas, steam & Air Cond. supply ",Finland,4841
"Water supply, Waste management & similar",Finland,2146
Construction ,Finland,16580
"Wholesale, Retail Trade & Repair of motor vehicles",Finland,21223
Transportation & Storage ,Finland,0
Land transport & Transport via pipelines ,Finland,5588
Water transport ,Finland,799
Air transport ,Finland,915
Warehousing & Support activities for transportation ,Finland,2720
Postal & Courier activities ,Finland,942
Accommodation & Food service activ.,Finland,4172
Inform. & Communic.,Finland,0
"Publishing, Audiovisual & Broadcasting activ.",Finland,4063
Telecoms.,Finland,2657
IT & Inform. Servic.,Finland,6857
Financial & Insurance activ.,Finland,7727
Real estate activities ,Finland,29594
"Professional, Scient. & Technical activ.",Finland,0
"Legal, Management Accounting, Architecture Engineering",Finland,8424
Scientific research & Development ,Finland,1712
"Other professional, Scientific & Technical activities ",Finland,1628
"Admin, & Support Service activities ",Finland,0
Rental & Leasing activ.,Finland,1211
Employment activ.,Finland,2713
"Travel agency, Tour operator & related activ.",Finland,295
"Security, Services to buildings & Related activities ",Finland,4070
Public Admin. & Defence,Finland,13076
Education ,Finland,11914
Human Health & Social work activ. ,Finland,21705
"Arts, Recreation & Entertainment",Finland,0
"Arts, Cultural & Gambling activ.",Finland,1450
Sports activities & Recreational activ.,Finland,1533
Other Service activ.,Finland,4274
"Agriculture, Forestry & Fishing ",France,0
"Animal product, Hunting, Crops & other.",France,37899
Forestry & logging ,France,3600
Fishing & Aquaculture ,France,1029
Mining & Quarrying ,France,2207
Manufacturing ,France,0
"Manuf. of Food, Beverages & Tobacco products ",France,52158
"Manuf. of textiles, Wearing apparel & Other",France,5924
Manuf. of wood & Paper products ,France,0
"Manuf. of wood & Products of wood & Cork,etc. ",France,3815
Manuf. of paper & Paper products ,France,5486
Printing & Reproduction of Recorded media ,France,4434
Manuf. of coke & Refined petroleum ,France,3780
Manuf. of Chemicals & Chemical products,France,23863
Manuf. of Pharma products,France,15037
"Manuf. of Rubber, Plastics & Nonmetallic products ",France,0
Manuf. of rubber & Plastics products,France,13056
Manuf. of other Nonmetallic Mineral products,France,9673
Manuf. Basic Metals & Fabricated metal prod.,France,31815
"Manuf. of computer, Electronic & Optical products ",France,14562
Manuf. of Electrical equipment ,France,7954
Manuf. of Machinery & Equipment n.e.c. ,France,13571
Manuf. of transport equipment ,France,34476
Other Manuf. Products,France,34300
"Electricity, gas, steam & Air Cond. supply ",France,40310
"Water supply, Waste management & similar",France,17976
Construction ,France,137169
"Wholesale, Retail Trade & Repair of motor vehicles",France,254612
Transportation & Storage ,France,0
Land transport & Transport via pipelines ,France,53961
Water transport ,France,2056
Air transport ,France,8523
Warehousing & Support activities for transportation ,France,37576
Postal & Courier activities ,France,9936
Accommodation & Food service activ.,France,69547
Inform. & Communic.,France,0
"Publishing, Audiovisual & Broadcasting activ.",France,30386
Telecoms.,France,28863
IT & Inform. Servic.,France,68219
Financial & Insurance activ.,France,93844
Real estate activities ,France,315347
"Professional, Scient. & Technical activ.",France,0
"Legal, Management Accounting, Architecture Engineering",France,132499
Scientific research & Development ,France,43057
"Other professional, Scientific & Technical activities ",France,19223
"Admin, & Support Service activities ",France,0
Rental & Leasing activ.,France,38861
Employment activ.,France,43171
"Travel agency, Tour operator & related activ.",France,2713
"Security, Services to buildings & Related activities ",France,53247
Public Admin. & Defence,France,192060
Education ,France,131918
Human Health & Social work activ. ,France,224982
"Arts, Recreation & Entertainment",France,0
"Arts, Cultural & Gambling activ.",France,17946
Sports activities & Recreational activ.,France,16583
Other Service activ.,France,37659
"Agriculture, Forestry & Fishing ",Germany,0
"Animal product, Hunting, Crops & other.",Germany,27612
Forestry & logging ,Germany,4293
Fishing & Aquaculture ,Germany,314
Mining & Quarrying ,Germany,5090
Manufacturing ,Germany,0
"Manuf. of Food, Beverages & Tobacco products ",Germany,55219
"Manuf. of textiles, Wearing apparel & Other",Germany,9187
Manuf. of wood & Paper products ,Germany,0
"Manuf. of wood & Products of wood & Cork,etc. ",Germany,8231
Manuf. of paper & Paper products ,Germany,13262
Printing & Reproduction of Recorded media ,Germany,8677
Manuf. of coke & Refined petroleum ,Germany,6561
Manuf. of Chemicals & Chemical products,Germany,59520
Manuf. of Pharma products,Germany,26494
"Manuf. of Rubber, Plastics & Nonmetallic products ",Germany,0
Manuf. of rubber & Plastics products,Germany,35604
Manuf. of other Nonmetallic Mineral products,Germany,21152
Manuf. Basic Metals & Fabricated metal prod.,Germany,91948
"Manuf. of computer, Electronic & Optical products ",Germany,48418
Manuf. of Electrical equipment ,Germany,53553
Manuf. of Machinery & Equipment n.e.c. ,Germany,122825
Manuf. of transport equipment ,Germany,186247
Other Manuf. Products,Germany,49901
"Electricity, gas, steam & Air Cond. supply ",Germany,60359
"Water supply, Waste management & similar",Germany,36652
Construction ,Germany,164506
"Wholesale, Retail Trade & Repair of motor vehicles",Germany,349447
Transportation & Storage ,Germany,0
Land transport & Transport via pipelines ,Germany,58547
Water transport ,Germany,7453
Air transport ,Germany,8813
Warehousing & Support activities for transportation ,Germany,58074
Postal & Courier activities ,Germany,19959
Accommodation & Food service activ.,Germany,55576
Inform. & Communic.,Germany,0
"Publishing, Audiovisual & Broadcasting activ.",Germany,34572
Telecoms.,Germany,31629
IT & Inform. Servic.,Germany,93814
Financial & Insurance activ.,Germany,140734
Real estate activities ,Germany,368490
"Professional, Scient. & Technical activ.",Germany,0
"Legal, Management Accounting, Architecture Engineering",Germany,161453
Scientific research & Development ,Germany,29263
"Other professional, Scientific & Technical activities ",Germany,32341
"Admin, & Support Service activities ",Germany,0
Rental & Leasing activ.,Germany,56102
Employment activ.,Germany,36702
"Travel agency, Tour operator & related activ.",Germany,8126
"Security, Services to buildings & Related activities ",Germany,75905
Public Admin. & Defence,Germany,211998
Education ,Germany,158944
Human Health & Social work activ. ,Germany,263678
"Arts, Recreation & Entertainment",Germany,0
"Arts, Cultural & Gambling activ.",Germany,26978
Sports activities & Recreational activ.,Germany,20683
Other Service activ.,Germany,84858
"Agriculture, Forestry & Fishing ",Greece,0
"Animal product, Hunting, Crops & other.",Greece,7061
Forestry & logging ,Greece,79
Fishing & Aquaculture ,Greece,830
Mining & Quarrying ,Greece,954
Manufacturing ,Greece,0
"Manuf. of Food, Beverages & Tobacco products ",Greece,6706
"Manuf. of textiles, Wearing apparel & Other",Greece,571
Manuf. of wood & Paper products ,Greece,0
"Manuf. of wood & Products of wood & Cork,etc. ",Greece,79
Manuf. of paper & Paper products ,Greece,164
Printing & Reproduction of Recorded media ,Greece,250
Manuf. of coke & Refined petroleum ,Greece,1926
Manuf. of Chemicals & Chemical products,Greece,1396
Manuf. of Pharma products,Greece,602
"Manuf. of Rubber, Plastics & Nonmetallic products ",Greece,0
Manuf. of rubber & Plastics products,Greece,431
Manuf. of other Nonmetallic Mineral products,Greece,1071
Manuf. Basic Metals & Fabricated metal prod.,Greece,4132
"Manuf. of computer, Electronic & Optical products ",Greece,235
Manuf. of Electrical equipment ,Greece,407
Manuf. of Machinery & Equipment n.e.c. ,Greece,687
Manuf. of transport equipment ,Greece,316
Other Manuf. Products,Greece,1355
"Electricity, gas, steam & Air Cond. supply ",Greece,3827
"Water supply, Waste management & similar",Greece,2836
Construction ,Greece,4417
"Wholesale, Retail Trade & Repair of motor vehicles",Greece,19754
Transportation & Storage ,Greece,0
Land transport & Transport via pipelines ,Greece,3542
Water transport ,Greece,5616
Air transport ,Greece,786
Warehousing & Support activities for transportation ,Greece,2699
Postal & Courier activities ,Greece,487
Accommodation & Food service activ.,Greece,12790
Inform. & Communic.,Greece,0
"Publishing, Audiovisual & Broadcasting activ.",Greece,811
Telecoms.,Greece,4559
IT & Inform. Servic.,Greece,1134
Financial & Insurance activ.,Greece,7722
Real estate activities ,Greece,32227
"Professional, Scient. & Technical activ.",Greece,0
"Legal, Management Accounting, Architecture Engineering",Greece,4744
Scientific research & Development ,Greece,588
"Other professional, Scientific & Technical activities ",Greece,1108
"Admin, & Support Service activities ",Greece,0
Rental & Leasing activ.,Greece,707
Employment activ.,Greece,208
"Travel agency, Tour operator & related activ.",Greece,437
"Security, Services to buildings & Related activities ",Greece,2004
Public Admin. & Defence,Greece,19189
Education ,Greece,10716
Human Health & Social work activ. ,Greece,8237
"Arts, Recreation & Entertainment",Greece,0
"Arts, Cultural & Gambling activ.",Greece,2181
Sports activities & Recreational activ.,Greece,262
Other Service activ.,Greece,5275
"Agriculture, Forestry & Fishing ",Hungary,0
"Animal product, Hunting, Crops & other.",Hungary,5370
Forestry & logging ,Hungary,297
Fishing & Aquaculture ,Hungary,18
Mining & Quarrying ,Hungary,245
Manufacturing ,Hungary,0
"Manuf. of Food, Beverages & Tobacco products ",Hungary,2723
"Manuf. of textiles, Wearing apparel & Other",Hungary,600
Manuf. of wood & Paper products ,Hungary,0
"Manuf. of wood & Products of wood & Cork,etc. ",Hungary,337
Manuf. of paper & Paper products ,Hungary,514
Printing & Reproduction of Recorded media ,Hungary,338
Manuf. of coke & Refined petroleum ,Hungary,1027
Manuf. of Chemicals & Chemical products,Hungary,1885
Manuf. of Pharma products,Hungary,1968
"Manuf. of Rubber, Plastics & Nonmetallic products ",Hungary,0
Manuf. of rubber & Plastics products,Hungary,1834
Manuf. of other Nonmetallic Mineral products,Hungary,969
Manuf. Basic Metals & Fabricated metal prod.,Hungary,2793
"Manuf. of computer, Electronic & Optical products ",Hungary,2658
Manuf. of Electrical equipment ,Hungary,1278
Manuf. of Machinery & Equipment n.e.c. ,Hungary,2615
Manuf. of transport equipment ,Hungary,6026
Other Manuf. Products,Hungary,1685
"Electricity, gas, steam & Air Cond. supply ",Hungary,2159
"Water supply, Waste management & similar",Hungary,1216
Construction ,Hungary,5449
"Wholesale, Retail Trade & Repair of motor vehicles",Hungary,13033
Transportation & Storage ,Hungary,0
Land transport & Transport via pipelines ,Hungary,3978
Water transport ,Hungary,18
Air transport ,Hungary,826
Warehousing & Support activities for transportation ,Hungary,2461
Postal & Courier activities ,Hungary,616
Accommodation & Food service activ.,Hungary,2254
Inform. & Communic.,Hungary,0
"Publishing, Audiovisual & Broadcasting activ.",Hungary,1288
Telecoms.,Hungary,1763
IT & Inform. Servic.,Hungary,3256
Financial & Insurance activ.,Hungary,4628
Real estate activities ,Hungary,10119
"Professional, Scient. & Technical activ.",Hungary,0
"Legal, Management Accounting, Architecture Engineering",Hungary,4838
Scientific research & Development ,Hungary,1531
"Other professional, Scientific & Technical activities ",Hungary,1275
"Admin, & Support Service activities ",Hungary,0
Rental & Leasing activ.,Hungary,1077
Employment activ.,Hungary,1118
"Travel agency, Tour operator & related activ.",Hungary,151
"Security, Services to buildings & Related activities ",Hungary,2507
Public Admin. & Defence,Hungary,10508
Education ,Hungary,5926
Human Health & Social work activ. ,Hungary,5701
"Arts, Recreation & Entertainment",Hungary,0
"Arts, Cultural & Gambling activ.",Hungary,1231
Sports activities & Recreational activ.,Hungary,630
Other Service activ.,Hungary,1922
"Agriculture, Forestry & Fishing ",Ireland,0
"Animal product, Hunting, Crops & other.",Ireland,3916
Forestry & logging ,Ireland,63
Fishing & Aquaculture ,Ireland,183
Mining & Quarrying ,Ireland,857
Manufacturing ,Ireland,112329
"Manuf. of Food, Beverages & Tobacco products ",Ireland,0
"Manuf. of textiles, Wearing apparel & Other",Ireland,0
Manuf. of wood & Paper products ,Ireland,0
"Manuf. of wood & Products of wood & Cork,etc. ",Ireland,0
Manuf. of paper & Paper products ,Ireland,0
Printing & Reproduction of Recorded media ,Ireland,0
Manuf. of coke & Refined petroleum ,Ireland,0
Manuf. of Chemicals & Chemical products,Ireland,0
Manuf. of Pharma products,Ireland,0
"Manuf. of Rubber, Plastics & Nonmetallic products ",Ireland,0
Manuf. of rubber & Plastics products,Ireland,0
Manuf. of other Nonmetallic Mineral products,Ireland,0
Manuf. Basic Metals & Fabricated metal prod.,Ireland,0
"Manuf. of computer, Electronic & Optical products ",Ireland,0
Manuf. of Electrical equipment ,Ireland,0
Manuf. of Machinery & Equipment n.e.c. ,Ireland,0
Manuf. of transport equipment ,Ireland,0
Other Manuf. Products,Ireland,0
"Electricity, gas, steam & Air Cond. supply ",Ireland,3371
"Water supply, Waste management & similar",Ireland,1340
Construction ,Ireland,8969
"Wholesale, Retail Trade & Repair of motor vehicles",Ireland,26821
Transportation & Storage ,Ireland,0
Land transport & Transport via pipelines ,Ireland,2828
Water transport ,Ireland,88
Air transport ,Ireland,2782
Warehousing & Support activities for transportation ,Ireland,1597
Postal & Courier activities ,Ireland,918
Accommodation & Food service activ.,Ireland,6143
Inform. & Communic.,Ireland,0
"Publishing, Audiovisual & Broadcasting activ.",Ireland,18754
Telecoms.,Ireland,3407
IT & Inform. Servic.,Ireland,15523
Financial & Insurance activ.,Ireland,24703
Real estate activities ,Ireland,19959
"Professional, Scient. & Technical activ.",Ireland,0
"Legal, Management Accounting, Architecture Engineering",Ireland,9335
Scientific research & Development ,Ireland,1539
"Other professional, Scientific & Technical activities ",Ireland,2431
"Admin, & Support Service activities ",Ireland,0
Rental & Leasing activ.,Ireland,15332
Employment activ.,Ireland,1926
"Travel agency, Tour operator & related activ.",Ireland,456
"Security, Services to buildings & Related activities ",Ireland,4396
Public Admin. & Defence,Ireland,10061
Education ,Ireland,10328
Human Health & Social work activ. ,Ireland,15903
"Arts, Recreation & Entertainment",Ireland,0
"Arts, Cultural & Gambling activ.",Ireland,1673
Sports activities & Recreational activ.,Ireland,1157
Other Service activ.,Ireland,1989
"Agriculture, Forestry & Fishing ",Italy,40733
"Animal product, Hunting, Crops & other.",Italy,0
Forestry & logging ,Italy,0
Fishing & Aquaculture ,Italy,0
Mining & Quarrying ,Italy,4950
Manufacturing ,Italy,0
"Manuf. of Food, Beverages & Tobacco products ",Italy,33510
"Manuf. of textiles, Wearing apparel & Other",Italy,30060
Manuf. of wood & Paper products ,Italy,18037
"Manuf. of wood & Products of wood & Cork,etc. ",Italy,0
Manuf. of paper & Paper products ,Italy,0
Printing & Reproduction of Recorded media ,Italy,0
Manuf. of coke & Refined petroleum ,Italy,3415
Manuf. of Chemicals & Chemical products,Italy,14657
Manuf. of Pharma products,Italy,11323
"Manuf. of Rubber, Plastics & Nonmetallic products ",Italy,27716
Manuf. of rubber & Plastics products,Italy,0
Manuf. of other Nonmetallic Mineral products,Italy,0
Manuf. Basic Metals & Fabricated metal prod.,Italy,48106
"Manuf. of computer, Electronic & Optical products ",Italy,9773
Manuf. of Electrical equipment ,Italy,13474
Manuf. of Machinery & Equipment n.e.c. ,Italy,45144
Manuf. of transport equipment ,Italy,27848
Other Manuf. Products,Italy,26978
"Electricity, gas, steam & Air Cond. supply ",Italy,29152
"Water supply, Waste management & similar",Italy,18930
Construction ,Italy,77855
"Wholesale, Retail Trade & Repair of motor vehicles",Italy,222357
Transportation & Storage ,Italy,103591
Land transport & Transport via pipelines ,Italy,0
Water transport ,Italy,0
Air transport ,Italy,0
Warehousing & Support activities for transportation ,Italy,0
Postal & Courier activities ,Italy,0
Accommodation & Food service activ.,Italy,72021
Inform. & Communic.,Italy,0
"Publishing, Audiovisual & Broadcasting activ.",Italy,10497
Telecoms.,Italy,22257
IT & Inform. Servic.,Italy,38108
Financial & Insurance activ.,Italy,93191
Real estate activities ,Italy,251546
"Professional, Scient. & Technical activ.",Italy,0
"Legal, Management Accounting, Architecture Engineering",Italy,79085
Scientific research & Development ,Italy,19188
"Other professional, Scientific & Technical activities ",Italy,20995
"Admin, & Support Service activities ",Italy,61620
Rental & Leasing activ.,Italy,0
Employment activ.,Italy,0
"Travel agency, Tour operator & related activ.",Italy,0
"Security, Services to buildings & Related activities ",Italy,0
Public Admin. & Defence,Italy,120362
Education ,Italy,76819
Human Health & Social work activ. ,Italy,110757
"Arts, Recreation & Entertainment",Italy,21317
"Arts, Cultural & Gambling activ.",Italy,0
Sports activities & Recreational activ.,Italy,0
Other Service activ.,Italy,54949
"Agriculture, Forestry & Fishing ",Japan,57432
"Animal product, Hunting, Crops & other.",Japan,0
Forestry & logging ,Japan,0
Fishing & Aquaculture ,Japan,0
Mining & Quarrying ,Japan,2668
Manufacturing ,Japan,0
"Manuf. of Food, Beverages & Tobacco products ",Japan,118024
"Manuf. of textiles, Wearing apparel & Other",Japan,11674
Manuf. of wood & Paper products ,Japan,0
"Manuf. of wood & Products of wood & Cork,etc. ",Japan,0
Manuf. of paper & Paper products ,Japan,19769
Printing & Reproduction of Recorded media ,Japan,0
Manuf. of coke & Refined petroleum ,Japan,45894
Manuf. of Chemicals & Chemical products,Japan,105031
Manuf. of Pharma products,Japan,0
"Manuf. of Rubber, Plastics & Nonmetallic products ",Japan,0
Manuf. of rubber & Plastics products,Japan,0
Manuf. of other Nonmetallic Mineral products,Japan,25495
Manuf. Basic Metals & Fabricated metal prod.,Japan,130474
"Manuf. of computer, Electronic & Optical products ",Japan,79638
Manuf. of Electrical equipment ,Japan,63851
Manuf. of Machinery & Equipment n.e.c. ,Japan,152626
Manuf. of transport equipment ,Japan,157364
Other Manuf. Products,Japan,91123
"Electricity, gas, steam & Air Cond. supply ",Japan,126263
"Water supply, Waste management & similar",Japan,0
Construction ,Japan,277542
"Wholesale, Retail Trade & Repair of motor vehicles",Japan,672564
Transportation & Storage ,Japan,245352
Land transport & Transport via pipelines ,Japan,0
Water transport ,Japan,0
Air transport ,Japan,0
Warehousing & Support activities for transportation ,Japan,0
Postal & Courier activities ,Japan,0
Accommodation & Food service activ.,Japan,122175
Inform. & Communic.,Japan,236395
"Publishing, Audiovisual & Broadcasting activ.",Japan,0
Telecoms.,Japan,0
IT & Inform. Servic.,Japan,0
Financial & Insurance activ.,Japan,199467
Real estate activities ,Japan,547391
"Professional, Scient. & Technical activ.",Japan,358639
"Legal, Management Accounting, Architecture Engineering",Japan,0
Scientific research & Development ,Japan,0
"Other professional, Scientific & Technical activities ",Japan,0
"Admin, & Support Service activities ",Japan,0
Rental & Leasing activ.,Japan,0
Employment activ.,Japan,0
"Travel agency, Tour operator & related activ.",Japan,0
"Security, Services to buildings & Related activities ",Japan,0
Public Admin. & Defence,Japan,238153
Education ,Japan,173620
Human Health & Social work activ. ,Japan,337547
"Arts, Recreation & Entertainment",Japan,206433
"Arts, Cultural & Gambling activ.",Japan,0
Sports activities & Recreational activ.,Japan,0
Other Service activ.,Japan,0
"Agriculture, Forestry & Fishing ",Latvia,0
"Animal product, Hunting, Crops & other.",Latvia,601
Forestry & logging ,Latvia,469
Fishing & Aquaculture ,Latvia,41
Mining & Quarrying ,Latvia,141
Manufacturing ,Latvia,0
"Manuf. of Food, Beverages & Tobacco products ",Latvia,650
"Manuf. of textiles, Wearing apparel & Other",Latvia,162
Manuf. of wood & Paper products ,Latvia,0
"Manuf. of wood & Products of wood & Cork,etc. ",Latvia,763
Manuf. of paper & Paper products ,Latvia,43
Printing & Reproduction of Recorded media ,Latvia,97
Manuf. of coke & Refined petroleum ,Latvia,1
Manuf. of Chemicals & Chemical products,Latvia,79
Manuf. of Pharma products,Latvia,111
"Manuf. of Rubber, Plastics & Nonmetallic products ",Latvia,0
Manuf. of rubber & Plastics products,Latvia,91
Manuf. of other Nonmetallic Mineral products,Latvia,244
Manuf. Basic Metals & Fabricated metal prod.,Latvia,307
"Manuf. of computer, Electronic & Optical products ",Latvia,178
Manuf. of Electrical equipment ,Latvia,106
Manuf. of Machinery & Equipment n.e.c. ,Latvia,99
Manuf. of transport equipment ,Latvia,116
Other Manuf. Products,Latvia,325
"Electricity, gas, steam & Air Cond. supply ",Latvia,746
"Water supply, Waste management & similar",Latvia,228
Construction ,Latvia,1646
"Wholesale, Retail Trade & Repair of motor vehicles",Latvia,4021
Transportation & Storage ,Latvia,0
Land transport & Transport via pipelines ,Latvia,1148
Water transport ,Latvia,94
Air transport ,Latvia,109
Warehousing & Support activities for transportation ,Latvia,1053
Postal & Courier activities ,Latvia,88
Accommodation & Food service activ.,Latvia,547
Inform. & Communic.,Latvia,0
"Publishing, Audiovisual & Broadcasting activ.",Latvia,149
Telecoms.,Latvia,430
IT & Inform. Servic.,Latvia,880
Financial & Insurance activ.,Latvia,1084
Real estate activities ,Latvia,3476
"Professional, Scient. & Technical activ.",Latvia,0
"Legal, Management Accounting, Architecture Engineering",Latvia,810
Scientific research & Development ,Latvia,158
"Other professional, Scientific & Technical activities ",Latvia,346
"Admin, & Support Service activities ",Latvia,0
Rental & Leasing activ.,Latvia,207
Employment activ.,Latvia,125
"Travel agency, Tour operator & related activ.",Latvia,64
"Security, Services to buildings & Related activities ",Latvia,447
Public Admin. & Defence,Latvia,2203
Education ,Latvia,1372
Human Health & Social work activ. ,Latvia,995
"Arts, Recreation & Entertainment",Latvia,0
"Arts, Cultural & Gambling activ.",Latvia,449
Sports activities & Recreational activ.,Latvia,125
Other Service activ.,Latvia,306
"Agriculture, Forestry & Fishing ",Lithuania,0
"Animal product, Hunting, Crops & other.",Lithuania,1480
Forestry & logging ,Lithuania,253
Fishing & Aquaculture ,Lithuania,39
Mining & Quarrying ,Lithuania,136
Manufacturing ,Lithuania,0
"Manuf. of Food, Beverages & Tobacco products ",Lithuania,1819
"Manuf. of textiles, Wearing apparel & Other",Lithuania,647
Manuf. of wood & Paper products ,Lithuania,0
"Manuf. of wood & Products of wood & Cork,etc. ",Lithuania,607
Manuf. of paper & Paper products ,Lithuania,259
Printing & Reproduction of Recorded media ,Lithuania,155
Manuf. of coke & Refined petroleum ,Lithuania,0
Manuf. of Chemicals & Chemical products,Lithuania,632
Manuf. of Pharma products,Lithuania,123
"Manuf. of Rubber, Plastics & Nonmetallic products ",Lithuania,0
Manuf. of rubber & Plastics products,Lithuania,545
Manuf. of other Nonmetallic Mineral products,Lithuania,321
Manuf. Basic Metals & Fabricated metal prod.,Lithuania,533
"Manuf. of computer, Electronic & Optical products ",Lithuania,257
Manuf. of Electrical equipment ,Lithuania,172
Manuf. of Machinery & Equipment n.e.c. ,Lithuania,287
Manuf. of transport equipment ,Lithuania,305
Other Manuf. Products,Lithuania,1907
"Electricity, gas, steam & Air Cond. supply ",Lithuania,842
"Water supply, Waste management & similar",Lithuania,487
Construction ,Lithuania,3034
"Wholesale, Retail Trade & Repair of motor vehicles",Lithuania,8116
Transportation & Storage ,Lithuania,0
Land transport & Transport via pipelines ,Lithuania,3680
Water transport ,Lithuania,106
Air transport ,Lithuania,66
Warehousing & Support activities for transportation ,Lithuania,1481
Postal & Courier activities ,Lithuania,112
Accommodation & Food service activ.,Lithuania,774
Inform. & Communic.,Lithuania,0
"Publishing, Audiovisual & Broadcasting activ.",Lithuania,225
Telecoms.,Lithuania,573
IT & Inform. Servic.,Lithuania,855
Financial & Insurance activ.,Lithuania,925
Real estate activities ,Lithuania,3026
"Professional, Scient. & Technical activ.",Lithuania,0
"Legal, Management Accounting, Architecture Engineering",Lithuania,1228
Scientific research & Development ,Lithuania,98
"Other professional, Scientific & Technical activities ",Lithuania,474
"Admin, & Support Service activities ",Lithuania,0
Rental & Leasing activ.,Lithuania,376
Employment activ.,Lithuania,245
"Travel agency, Tour operator & related activ.",Lithuania,136
"Security, Services to buildings & Related activities ",Lithuania,598
Public Admin. & Defence,Lithuania,2591
Education ,Lithuania,1981
Human Health & Social work activ. ,Lithuania,1814
"Arts, Recreation & Entertainment",Lithuania,0
"Arts, Cultural & Gambling activ.",Lithuania,449
Sports activities & Recreational activ.,Lithuania,85
Other Service activ.,Lithuania,500
"Agriculture, Forestry & Fishing ",Luxembourg,0
"Animal product, Hunting, Crops & other.",Luxembourg,150
Forestry & logging ,Luxembourg,16
Fishing & Aquaculture ,Luxembourg,0
Mining & Quarrying ,Luxembourg,41
Manufacturing ,Luxembourg,0
"Manuf. of Food, Beverages & Tobacco products ",Luxembourg,331
"Manuf. of textiles, Wearing apparel & Other",Luxembourg,276
Manuf. of wood & Paper products ,Luxembourg,135
"Manuf. of wood & Products of wood & Cork,etc. ",Luxembourg,0
Manuf. of paper & Paper products ,Luxembourg,0
Printing & Reproduction of Recorded media ,Luxembourg,0
Manuf. of coke & Refined petroleum ,Luxembourg,0
Manuf. of Chemicals & Chemical products,Luxembourg,130
Manuf. of Pharma products,Luxembourg,0
"Manuf. of Rubber, Plastics & Nonmetallic products ",Luxembourg,681
Manuf. of rubber & Plastics products,Luxembourg,0
Manuf. of other Nonmetallic Mineral products,Luxembourg,0
Manuf. Basic Metals & Fabricated metal prod.,Luxembourg,0
"Manuf. of computer, Electronic & Optical products ",Luxembourg,0
Manuf. of Electrical equipment ,Luxembourg,0
Manuf. of Machinery & Equipment n.e.c. ,Luxembourg,0
Manuf. of transport equipment ,Luxembourg,0
Other Manuf. Products,Luxembourg,1845
"Electricity, gas, steam & Air Cond. supply ",Luxembourg,487
"Water supply, Waste management & similar",Luxembourg,299
Construction ,Luxembourg,3405
"Wholesale, Retail Trade & Repair of motor vehicles",Luxembourg,6268
Transportation & Storage ,Luxembourg,2815
Land transport & Transport via pipelines ,Luxembourg,0
Water transport ,Luxembourg,0
Air transport ,Luxembourg,0
Warehousing & Support activities for transportation ,Luxembourg,0
Postal & Courier activities ,Luxembourg,0
Accommodation & Food service activ.,Luxembourg,1057
Inform. & Communic.,Luxembourg,3977
"Publishing, Audiovisual & Broadcasting activ.",Luxembourg,0
Telecoms.,Luxembourg,0
IT & Inform. Servic.,Luxembourg,0
Financial & Insurance activ.,Luxembourg,16810
Real estate activities ,Luxembourg,4633
"Professional, Scient. & Technical activ.",Luxembourg,5257
"Legal, Management Accounting, Architecture Engineering",Luxembourg,0
Scientific research & Development ,Luxembourg,0
"Other professional, Scientific & Technical activities ",Luxembourg,0
"Admin, & Support Service activities ",Luxembourg,2202
Rental & Leasing activ.,Luxembourg,0
Employment activ.,Luxembourg,0
"Travel agency, Tour operator & related activ.",Luxembourg,0
"Security, Services to buildings & Related activities ",Luxembourg,0
Public Admin. & Defence,Luxembourg,3628
Education ,Luxembourg,2542
Human Health & Social work activ. ,Luxembourg,3549
"Arts, Recreation & Entertainment",Luxembourg,0
"Arts, Cultural & Gambling activ.",Luxembourg,228
Sports activities & Recreational activ.,Luxembourg,182
Other Service activ.,Luxembourg,674
"Agriculture, Forestry & Fishing ",Mexico,0
"Animal product, Hunting, Crops & other.",Mexico,35279
Forestry & logging ,Mexico,1219
Fishing & Aquaculture ,Mexico,1244
Mining & Quarrying ,Mexico,45730
Manufacturing ,Mexico,0
"Manuf. of Food, Beverages & Tobacco products ",Mexico,49888
"Manuf. of textiles, Wearing apparel & Other",Mexico,7702
Manuf. of wood & Paper products ,Mexico,0
"Manuf. of wood & Products of wood & Cork,etc. ",Mexico,1657
Manuf. of paper & Paper products ,Mexico,3277
Printing & Reproduction of Recorded media ,Mexico,1222
Manuf. of coke & Refined petroleum ,Mexico,6154
Manuf. of Chemicals & Chemical products,Mexico,9898
Manuf. of Pharma products,Mexico,3788
"Manuf. of Rubber, Plastics & Nonmetallic products ",Mexico,0
Manuf. of rubber & Plastics products,Mexico,5693
Manuf. of other Nonmetallic Mineral products,Mexico,5216
Manuf. Basic Metals & Fabricated metal prod.,Mexico,18419
"Manuf. of computer, Electronic & Optical products ",Mexico,16989
Manuf. of Electrical equipment ,Mexico,6246
Manuf. of Machinery & Equipment n.e.c. ,Mexico,8613
Manuf. of transport equipment ,Mexico,42183
Other Manuf. Products,Mexico,6312
"Electricity, gas, steam & Air Cond. supply ",Mexico,18620
"Water supply, Waste management & similar",Mexico,4026
Construction ,Mexico,81701
"Wholesale, Retail Trade & Repair of motor vehicles",Mexico,212025
Transportation & Storage ,Mexico,0
Land transport & Transport via pipelines ,Mexico,56575
Water transport ,Mexico,888
Air transport ,Mexico,2322
Warehousing & Support activities for transportation ,Mexico,8489
Postal & Courier activities ,Mexico,1371
Accommodation & Food service activ.,Mexico,25621
Inform. & Communic.,Mexico,0
"Publishing, Audiovisual & Broadcasting activ.",Mexico,4163
Telecoms.,Mexico,13629
IT & Inform. Servic.,Mexico,1268
Financial & Insurance activ.,Mexico,44119
Real estate activities ,Mexico,107593
"Professional, Scient. & Technical activ.",Mexico,0
"Legal, Management Accounting, Architecture Engineering",Mexico,21837
Scientific research & Development ,Mexico,1241
"Other professional, Scientific & Technical activities ",Mexico,3065
"Admin, & Support Service activities ",Mexico,0
Rental & Leasing activ.,Mexico,4046
Employment activ.,Mexico,28903
"Travel agency, Tour operator & related activ.",Mexico,722
"Security, Services to buildings & Related activities ",Mexico,7117
Public Admin. & Defence,Mexico,41063
Education ,Mexico,41821
Human Health & Social work activ. ,Mexico,24523
"Arts, Recreation & Entertainment",Mexico,0
"Arts, Cultural & Gambling activ.",Mexico,3465
Sports activities & Recreational activ.,Mexico,1156
Other Service activ.,Mexico,15043
"Agriculture, Forestry & Fishing ",Netherlands,0
"Animal product, Hunting, Crops & other.",Netherlands,15730
Forestry & logging ,Netherlands,162
Fishing & Aquaculture ,Netherlands,428
Mining & Quarrying ,Netherlands,9004
Manufacturing ,Netherlands,0
"Manuf. of Food, Beverages & Tobacco products ",Netherlands,18476
"Manuf. of textiles, Wearing apparel & Other",Netherlands,1390
Manuf. of wood & Paper products ,Netherlands,0
"Manuf. of wood & Products of wood & Cork,etc. ",Netherlands,1124
Manuf. of paper & Paper products ,Netherlands,2092
Printing & Reproduction of Recorded media ,Netherlands,1554
Manuf. of coke & Refined petroleum ,Netherlands,1991
Manuf. of Chemicals & Chemical products,Netherlands,13108
Manuf. of Pharma products,Netherlands,3156
"Manuf. of Rubber, Plastics & Nonmetallic products ",Netherlands,0
Manuf. of rubber & Plastics products,Netherlands,3645
Manuf. of other Nonmetallic Mineral products,Netherlands,2351
Manuf. Basic Metals & Fabricated metal prod.,Netherlands,11489
"Manuf. of computer, Electronic & Optical products ",Netherlands,5196
Manuf. of Electrical equipment ,Netherlands,3229
Manuf. of Machinery & Equipment n.e.c. ,Netherlands,13241
Manuf. of transport equipment ,Netherlands,4484
Other Manuf. Products,Netherlands,9397
"Electricity, gas, steam & Air Cond. supply ",Netherlands,8395
"Water supply, Waste management & similar",Netherlands,5011
Construction ,Netherlands,34955
"Wholesale, Retail Trade & Repair of motor vehicles",Netherlands,110564
Transportation & Storage ,Netherlands,0
Land transport & Transport via pipelines ,Netherlands,13684
Water transport ,Netherlands,3320
Air transport ,Netherlands,4544
Warehousing & Support activities for transportation ,Netherlands,13369
Postal & Courier activities ,Netherlands,2649
Accommodation & Food service activ.,Netherlands,16428
Inform. & Communic.,Netherlands,0
"Publishing, Audiovisual & Broadcasting activ.",Netherlands,5763
Telecoms.,Netherlands,7927
IT & Inform. Servic.,Netherlands,24375
Financial & Insurance activ.,Netherlands,58139
Real estate activities ,Netherlands,54538
"Professional, Scient. & Technical activ.",Netherlands,0
"Legal, Management Accounting, Architecture Engineering",Netherlands,54525
Scientific research & Development ,Netherlands,2354
"Other professional, Scientific & Technical activities ",Netherlands,8259
"Admin, & Support Service activities ",Netherlands,0
Rental & Leasing activ.,Netherlands,9264
Employment activ.,Netherlands,25855
"Travel agency, Tour operator & related activ.",Netherlands,5898
"Security, Services to buildings & Related activities ",Netherlands,13014
Public Admin. & Defence,Netherlands,55276
Education ,Netherlands,39135
Human Health & Social work activ. ,Netherlands,71352
"Arts, Recreation & Entertainment",Netherlands,0
"Arts, Cultural & Gambling activ.",Netherlands,5761
Sports activities & Recreational activ.,Netherlands,3253
Other Service activ.,Netherlands,9771
"Agriculture, Forestry & Fishing ",Norway,0
"Animal product, Hunting, Crops & other.",Norway,1953
Forestry & logging ,Norway,657
Fishing & Aquaculture ,Norway,5286
Mining & Quarrying ,Norway,59599
Manufacturing ,Norway,0
"Manuf. of Food, Beverages & Tobacco products ",Norway,5529
"Manuf. of textiles, Wearing apparel & Other",Norway,385
Manuf. of wood & Paper products ,Norway,0
"Manuf. of wood & Products of wood & Cork,etc. ",Norway,1087
Manuf. of paper & Paper products ,Norway,380
Printing & Reproduction of Recorded media ,Norway,446
Manuf. of coke & Refined petroleum ,Norway,0
Manuf. of Chemicals & Chemical products,Norway,0
Manuf. of Pharma products,Norway,0
"Manuf. of Rubber, Plastics & Nonmetallic products ",Norway,0
Manuf. of rubber & Plastics products,Norway,509
Manuf. of other Nonmetallic Mineral products,Norway,1304
Manuf. Basic Metals & Fabricated metal prod.,Norway,3737
"Manuf. of computer, Electronic & Optical products ",Norway,1081
Manuf. of Electrical equipment ,Norway,941
Manuf. of Machinery & Equipment n.e.c. ,Norway,1954
Manuf. of transport equipment ,Norway,2033
Other Manuf. Products,Norway,6187
"Electricity, gas, steam & Air Cond. supply ",Norway,7837
"Water supply, Waste management & similar",Norway,2506
Construction ,Norway,23508
"Wholesale, Retail Trade & Repair of motor vehicles",Norway,28085
Transportation & Storage ,Norway,0
Land transport & Transport via pipelines ,Norway,6853
Water transport ,Norway,5201
Air transport ,Norway,1036
Warehousing & Support activities for transportation ,Norway,3178
Postal & Courier activities ,Norway,1243
Accommodation & Food service activ.,Norway,5275
Inform. & Communic.,Norway,0
"Publishing, Audiovisual & Broadcasting activ.",Norway,3842
Telecoms.,Norway,3920
IT & Inform. Servic.,Norway,6845
Financial & Insurance activ.,Norway,19052
Real estate activities ,Norway,27391
"Professional, Scient. & Technical activ.",Norway,0
"Legal, Management Accounting, Architecture Engineering",Norway,12184
Scientific research & Development ,Norway,1725
"Other professional, Scientific & Technical activities ",Norway,1894
"Admin, & Support Service activities ",Norway,0
Rental & Leasing activ.,Norway,2270
Employment activ.,Norway,2951
"Travel agency, Tour operator & related activ.",Norway,410
"Security, Services to buildings & Related activities ",Norway,4054
Public Admin. & Defence,Norway,23743
Education ,Norway,19075
Human Health & Social work activ. ,Norway,39763
"Arts, Recreation & Entertainment",Norway,0
"Arts, Cultural & Gambling activ.",Norway,1860
Sports activities & Recreational activ.,Norway,1474
Other Service activ.,Norway,3746
"Agriculture, Forestry & Fishing ",Poland,0
"Animal product, Hunting, Crops & other.",Poland,13786
Forestry & logging ,Poland,1760
Fishing & Aquaculture ,Poland,104
Mining & Quarrying ,Poland,9250
Manufacturing ,Poland,0
"Manuf. of Food, Beverages & Tobacco products ",Poland,16364
"Manuf. of textiles, Wearing apparel & Other",Poland,3147
Manuf. of wood & Paper products ,Poland,0
"Manuf. of wood & Products of wood & Cork,etc. ",Poland,3464
Manuf. of paper & Paper products ,Poland,3168
Printing & Reproduction of Recorded media ,Poland,1823
Manuf. of coke & Refined petroleum ,Poland,3138
Manuf. of Chemicals & Chemical products,Poland,4604
Manuf. of Pharma products,Poland,1552
"Manuf. of Rubber, Plastics & Nonmetallic products ",Poland,0
Manuf. of rubber & Plastics products,Poland,7527
Manuf. of other Nonmetallic Mineral products,Poland,5499
Manuf. Basic Metals & Fabricated metal prod.,Poland,13971
"Manuf. of computer, Electronic & Optical products ",Poland,2133
Manuf. of Electrical equipment ,Poland,3664
Manuf. of Machinery & Equipment n.e.c. ,Poland,4538
Manuf. of transport equipment ,Poland,10633
Other Manuf. Products,Poland,11033
"Electricity, gas, steam & Air Cond. supply ",Poland,14473
"Water supply, Waste management & similar",Poland,6632
Construction ,Poland,35068
"Wholesale, Retail Trade & Repair of motor vehicles",Poland,87628
Transportation & Storage ,Poland,34163
Land transport & Transport via pipelines ,Poland,0
Water transport ,Poland,0
Air transport ,Poland,0
Warehousing & Support activities for transportation ,Poland,0
Postal & Courier activities ,Poland,0
Accommodation & Food service activ.,Poland,6502
Inform. & Communic.,Poland,0
"Publishing, Audiovisual & Broadcasting activ.",Poland,4094
Telecoms.,Poland,6177
IT & Inform. Servic.,Poland,10396
Financial & Insurance activ.,Poland,22194
Real estate activities ,Poland,24485
"Professional, Scient. & Technical activ.",Poland,0
"Legal, Management Accounting, Architecture Engineering",Poland,19899
Scientific research & Development ,Poland,2742
"Other professional, Scientific & Technical activities ",Poland,6937
"Admin, & Support Service activities ",Poland,0
Rental & Leasing activ.,Poland,2115
Employment activ.,Poland,3578
"Travel agency, Tour operator & related activ.",Poland,704
"Security, Services to buildings & Related activities ",Poland,6458
Public Admin. & Defence,Poland,27821
Education ,Poland,22746
Human Health & Social work activ. ,Poland,22268
"Arts, Recreation & Entertainment",Poland,0
"Arts, Cultural & Gambling activ.",Poland,2305
Sports activities & Recreational activ.,Poland,1360
Other Service activ.,Poland,7408
"Agriculture, Forestry & Fishing ",Portugal,0
"Animal product, Hunting, Crops & other.",Portugal,3436
Forestry & logging ,Portugal,1070
Fishing & Aquaculture ,Portugal,399
Mining & Quarrying ,Portugal,727
Manufacturing ,Portugal,0
"Manuf. of Food, Beverages & Tobacco products ",Portugal,4941
"Manuf. of textiles, Wearing apparel & Other",Portugal,4999
Manuf. of wood & Paper products ,Portugal,0
"Manuf. of wood & Products of wood & Cork,etc. ",Portugal,1191
Manuf. of paper & Paper products ,Portugal,1052
Printing & Reproduction of Recorded media ,Portugal,530
Manuf. of coke & Refined petroleum ,Portugal,984
Manuf. of Chemicals & Chemical products,Portugal,1123
Manuf. of Pharma products,Portugal,706
"Manuf. of Rubber, Plastics & Nonmetallic products ",Portugal,0
Manuf. of rubber & Plastics products,Portugal,1494
Manuf. of other Nonmetallic Mineral products,Portugal,1729
Manuf. Basic Metals & Fabricated metal prod.,Portugal,3389
"Manuf. of computer, Electronic & Optical products ",Portugal,602
Manuf. of Electrical equipment ,Portugal,773
Manuf. of Machinery & Equipment n.e.c. ,Portugal,1070
Manuf. of transport equipment ,Portugal,2022
Other Manuf. Products,Portugal,2276
"Electricity, gas, steam & Air Cond. supply ",Portugal,4914
"Water supply, Waste management & similar",Portugal,2015
Construction ,Portugal,8197
"Wholesale, Retail Trade & Repair of motor vehicles",Portugal,27868
Transportation & Storage ,Portugal,0
Land transport & Transport via pipelines ,Portugal,4032
Water transport ,Portugal,165
Air transport ,Portugal,1191
Warehousing & Support activities for transportation ,Portugal,4129
Postal & Courier activities ,Portugal,580
Accommodation & Food service activ.,Portugal,11978
Inform. & Communic.,Portugal,0
"Publishing, Audiovisual & Broadcasting activ.",Portugal,1193
Telecoms.,Portugal,2930
IT & Inform. Servic.,Portugal,2971
Financial & Insurance activ.,Portugal,10162
Real estate activities ,Portugal,25310
"Professional, Scient. & Technical activ.",Portugal,0
"Legal, Management Accounting, Architecture Engineering",Portugal,5659
Scientific research & Development ,Portugal,657
"Other professional, Scientific & Technical activities ",Portugal,1294
"Admin, & Support Service activities ",Portugal,0
Rental & Leasing activ.,Portugal,1259
Employment activ.,Portugal,1806
"Travel agency, Tour operator & related activ.",Portugal,405
"Security, Services to buildings & Related activities ",Portugal,4398
Public Admin. & Defence,Portugal,14305
Education ,Portugal,11717
Human Health & Social work activ. ,Portugal,13022
"Arts, Recreation & Entertainment",Portugal,0
"Arts, Cultural & Gambling activ.",Portugal,880
Sports activities & Recreational activ.,Portugal,959
Other Service activ.,Portugal,4073
"Agriculture, Forestry & Fishing ",Slovak Republic,0
"Animal product, Hunting, Crops & other.",Slovak Republic,1677
Forestry & logging ,Slovak Republic,725
Fishing & Aquaculture ,Slovak Republic,17
Mining & Quarrying ,Slovak Republic,380
Manufacturing ,Slovak Republic,0
"Manuf. of Food, Beverages & Tobacco products ",Slovak Republic,1023
"Manuf. of textiles, Wearing apparel & Other",Slovak Republic,642
Manuf. of wood & Paper products ,Slovak Republic,0
"Manuf. of wood & Products of wood & Cork,etc. ",Slovak Republic,933
Manuf. of paper & Paper products ,Slovak Republic,381
Printing & Reproduction of Recorded media ,Slovak Republic,203
Manuf. of coke & Refined petroleum ,Slovak Republic,404
Manuf. of Chemicals & Chemical products,Slovak Republic,703
Manuf. of Pharma products,Slovak Republic,82
"Manuf. of Rubber, Plastics & Nonmetallic products ",Slovak Republic,0
Manuf. of rubber & Plastics products,Slovak Republic,1625
Manuf. of other Nonmetallic Mineral products,Slovak Republic,746
Manuf. Basic Metals & Fabricated metal prod.,Slovak Republic,3749
"Manuf. of computer, Electronic & Optical products ",Slovak Republic,651
Manuf. of Electrical equipment ,Slovak Republic,1046
Manuf. of Machinery & Equipment n.e.c. ,Slovak Republic,1298
Manuf. of transport equipment ,Slovak Republic,3358
Other Manuf. Products,Slovak Republic,1235
"Electricity, gas, steam & Air Cond. supply ",Slovak Republic,2470
"Water supply, Waste management & similar",Slovak Republic,789
Construction ,Slovak Republic,7515
"Wholesale, Retail Trade & Repair of motor vehicles",Slovak Republic,9699
Transportation & Storage ,Slovak Republic,0
Land transport & Transport via pipelines ,Slovak Republic,3706
Water transport ,Slovak Republic,19
Air transport ,Slovak Republic,48
Warehousing & Support activities for transportation ,Slovak Republic,1918
Postal & Courier activities ,Slovak Republic,343
Accommodation & Food service activ.,Slovak Republic,1353
Inform. & Communic.,Slovak Republic,0
"Publishing, Audiovisual & Broadcasting activ.",Slovak Republic,631
Telecoms.,Slovak Republic,1351
IT & Inform. Servic.,Slovak Republic,2516
Financial & Insurance activ.,Slovak Republic,2550
Real estate activities ,Slovak Republic,9198
"Professional, Scient. & Technical activ.",Slovak Republic,0
"Legal, Management Accounting, Architecture Engineering",Slovak Republic,4514
Scientific research & Development ,Slovak Republic,291
"Other professional, Scientific & Technical activities ",Slovak Republic,1360
"Admin, & Support Service activities ",Slovak Republic,0
Rental & Leasing activ.,Slovak Republic,474
Employment activ.,Slovak Republic,386
"Travel agency, Tour operator & related activ.",Slovak Republic,263
"Security, Services to buildings & Related activities ",Slovak Republic,1819
Public Admin. & Defence,Slovak Republic,6121
Education ,Slovak Republic,3436
Human Health & Social work activ. ,Slovak Republic,3604
"Arts, Recreation & Entertainment",Slovak Republic,0
"Arts, Cultural & Gambling activ.",Slovak Republic,1886
Sports activities & Recreational activ.,Slovak Republic,277
Other Service activ.,Slovak Republic,1090
"Agriculture, Forestry & Fishing ",Slovenia,0
"Animal product, Hunting, Crops & other.",Slovenia,562
Forestry & logging ,Slovenia,382
Fishing & Aquaculture ,Slovenia,6
Mining & Quarrying ,Slovenia,166
Manufacturing ,Slovenia,0
"Manuf. of Food, Beverages & Tobacco products ",Slovenia,679
"Manuf. of textiles, Wearing apparel & Other",Slovenia,327
Manuf. of wood & Paper products ,Slovenia,0
"Manuf. of wood & Products of wood & Cork,etc. ",Slovenia,325
Manuf. of paper & Paper products ,Slovenia,229
Printing & Reproduction of Recorded media ,Slovenia,185
Manuf. of coke & Refined petroleum ,Slovenia,0
Manuf. of Chemicals & Chemical products,Slovenia,468
Manuf. of Pharma products,Slovenia,1150
"Manuf. of Rubber, Plastics & Nonmetallic products ",Slovenia,0
Manuf. of rubber & Plastics products,Slovenia,787
Manuf. of other Nonmetallic Mineral products,Slovenia,379
Manuf. Basic Metals & Fabricated metal prod.,Slovenia,2037
"Manuf. of computer, Electronic & Optical products ",Slovenia,344
Manuf. of Electrical equipment ,Slovenia,1123
Manuf. of Machinery & Equipment n.e.c. ,Slovenia,765
Manuf. of transport equipment ,Slovenia,879
Other Manuf. Products,Slovenia,909
"Electricity, gas, steam & Air Cond. supply ",Slovenia,1037
"Water supply, Waste management & similar",Slovenia,394
Construction ,Slovenia,2405
"Wholesale, Retail Trade & Repair of motor vehicles",Slovenia,5355
Transportation & Storage ,Slovenia,0
Land transport & Transport via pipelines ,Slovenia,1578
Water transport ,Slovenia,36
Air transport ,Slovenia,37
Warehousing & Support activities for transportation ,Slovenia,1040
Postal & Courier activities ,Slovenia,215
Accommodation & Food service activ.,Slovenia,1065
Inform. & Communic.,Slovenia,0
"Publishing, Audiovisual & Broadcasting activ.",Slovenia,285
Telecoms.,Slovenia,584
IT & Inform. Servic.,Slovenia,896
Financial & Insurance activ.,Slovenia,1705
Real estate activities ,Slovenia,3350
"Professional, Scient. & Technical activ.",Slovenia,0
"Legal, Management Accounting, Architecture Engineering",Slovenia,1899
Scientific research & Development ,Slovenia,488
"Other professional, Scientific & Technical activities ",Slovenia,707
"Admin, & Support Service activities ",Slovenia,0
Rental & Leasing activ.,Slovenia,84
Employment activ.,Slovenia,825
"Travel agency, Tour operator & related activ.",Slovenia,93
"Security, Services to buildings & Related activities ",Slovenia,441
Public Admin. & Defence,Slovenia,2588
Education ,Slovenia,2380
Human Health & Social work activ. ,Slovenia,2296
"Arts, Recreation & Entertainment",Slovenia,0
"Arts, Cultural & Gambling activ.",Slovenia,486
Sports activities & Recreational activ.,Slovenia,125
Other Service activ.,Slovenia,505
"Agriculture, Forestry & Fishing ",Spain,0
"Animal product, Hunting, Crops & other.",Spain,35736
Forestry & logging ,Spain,1188
Fishing & Aquaculture ,Spain,1950
Mining & Quarrying ,Spain,2447
Manufacturing ,Spain,0
"Manuf. of Food, Beverages & Tobacco products ",Spain,31353
"Manuf. of textiles, Wearing apparel & Other",Spain,11045
Manuf. of wood & Paper products ,Spain,0
"Manuf. of wood & Products of wood & Cork,etc. ",Spain,2283
Manuf. of paper & Paper products ,Spain,4506
Printing & Reproduction of Recorded media ,Spain,2631
Manuf. of coke & Refined petroleum ,Spain,4187
Manuf. of Chemicals & Chemical products,Spain,11017
Manuf. of Pharma products,Spain,8209
"Manuf. of Rubber, Plastics & Nonmetallic products ",Spain,0
Manuf. of rubber & Plastics products,Spain,7347
Manuf. of other Nonmetallic Mineral products,Spain,6706
Manuf. Basic Metals & Fabricated metal prod.,Spain,21808
"Manuf. of computer, Electronic & Optical products ",Spain,1955
Manuf. of Electrical equipment ,Spain,5240
Manuf. of Machinery & Equipment n.e.c. ,Spain,8271
Manuf. of transport equipment ,Spain,18969
Other Manuf. Products,Spain,12964
"Electricity, gas, steam & Air Cond. supply ",Spain,29152
"Water supply, Waste management & similar",Spain,14116
Construction ,Spain,75456
"Wholesale, Retail Trade & Repair of motor vehicles",Spain,163385
Transportation & Storage ,Spain,0
Land transport & Transport via pipelines ,Spain,28852
Water transport ,Spain,899
Air transport ,Spain,3280
Warehousing & Support activities for transportation ,Spain,22626
Postal & Courier activities ,Spain,2735
Accommodation & Food service activ.,Spain,79569
Inform. & Communic.,Spain,0
"Publishing, Audiovisual & Broadcasting activ.",Spain,9423
Telecoms.,Spain,17558
IT & Inform. Servic.,Spain,19547
Financial & Insurance activ.,Spain,47865
Real estate activities ,Spain,145240
"Professional, Scient. & Technical activ.",Spain,0
"Legal, Management Accounting, Architecture Engineering",Spain,38756
Scientific research & Development ,Spain,6244
"Other professional, Scientific & Technical activities ",Spain,12903
"Admin, & Support Service activities ",Spain,0
Rental & Leasing activ.,Spain,10035
Employment activ.,Spain,6807
"Travel agency, Tour operator & related activ.",Spain,4131
"Security, Services to buildings & Related activities ",Spain,31182
Public Admin. & Defence,Spain,77905
Education ,Spain,65851
Human Health & Social work activ. ,Spain,82527
"Arts, Recreation & Entertainment",Spain,0
"Arts, Cultural & Gambling activ.",Spain,13040
Sports activities & Recreational activ.,Spain,12970
Other Service activ.,Spain,35824
"Agriculture, Forestry & Fishing ",Sweden,0
"Animal product, Hunting, Crops & other.",Sweden,3810
Forestry & logging ,Sweden,4119
Fishing & Aquaculture ,Sweden,159
Mining & Quarrying ,Sweden,3095
Manufacturing ,Sweden,0
"Manuf. of Food, Beverages & Tobacco products ",Sweden,5529
"Manuf. of textiles, Wearing apparel & Other",Sweden,567
Manuf. of wood & Paper products ,Sweden,0
"Manuf. of wood & Products of wood & Cork,etc. ",Sweden,2926
Manuf. of paper & Paper products ,Sweden,4584
Printing & Reproduction of Recorded media ,Sweden,979
Manuf. of coke & Refined petroleum ,Sweden,1221
Manuf. of Chemicals & Chemical products,Sweden,0
Manuf. of Pharma products,Sweden,0
"Manuf. of Rubber, Plastics & Nonmetallic products ",Sweden,0
Manuf. of rubber & Plastics products,Sweden,2084
Manuf. of other Nonmetallic Mineral products,Sweden,1934
Manuf. Basic Metals & Fabricated metal prod.,Sweden,10610
"Manuf. of computer, Electronic & Optical products ",Sweden,2765
Manuf. of Electrical equipment ,Sweden,2653
Manuf. of Machinery & Equipment n.e.c. ,Sweden,10519
Manuf. of transport equipment ,Sweden,15953
Other Manuf. Products,Sweden,11235
"Electricity, gas, steam & Air Cond. supply ",Sweden,11084
"Water supply, Waste management & similar",Sweden,3064
Construction ,Sweden,33144
"Wholesale, Retail Trade & Repair of motor vehicles",Sweden,53982
Transportation & Storage ,Sweden,25994
Land transport & Transport via pipelines ,Sweden,0
Water transport ,Sweden,0
Air transport ,Sweden,0
Warehousing & Support activities for transportation ,Sweden,0
Postal & Courier activities ,Sweden,0
Accommodation & Food service activ.,Sweden,8898
Inform. & Communic.,Sweden,0
"Publishing, Audiovisual & Broadcasting activ.",Sweden,10321
Telecoms.,Sweden,7201
IT & Inform. Servic.,Sweden,18006
Financial & Insurance activ.,Sweden,20381
Real estate activities ,Sweden,41452
"Professional, Scient. & Technical activ.",Sweden,39369
"Legal, Management Accounting, Architecture Engineering",Sweden,0
Scientific research & Development ,Sweden,0
"Other professional, Scientific & Technical activities ",Sweden,0
"Admin, & Support Service activities ",Sweden,0
Rental & Leasing activ.,Sweden,3391
Employment activ.,Sweden,5606
"Travel agency, Tour operator & related activ.",Sweden,924
"Security, Services to buildings & Related activities ",Sweden,8251
Public Admin. & Defence,Sweden,23978
Education ,Sweden,27997
Human Health & Social work activ. ,Sweden,54516
"Arts, Recreation & Entertainment",Sweden,6525
"Arts, Cultural & Gambling activ.",Sweden,0
Sports activities & Recreational activ.,Sweden,0
Other Service activ.,Sweden,7970
"Agriculture, Forestry & Fishing ",Switzerland,0
"Animal product, Hunting, Crops & other.",Switzerland,4112
Forestry & logging ,Switzerland,340
Fishing & Aquaculture ,Switzerland,35
Mining & Quarrying ,Switzerland,851
Manufacturing ,Switzerland,0
"Manuf. of Food, Beverages & Tobacco products ",Switzerland,12931
"Manuf. of textiles, Wearing apparel & Other",Switzerland,1159
Manuf. of wood & Paper products ,Switzerland,0
"Manuf. of wood & Products of wood & Cork,etc. ",Switzerland,3080
Manuf. of paper & Paper products ,Switzerland,803
Printing & Reproduction of Recorded media ,Switzerland,1703
Manuf. of coke & Refined petroleum ,Switzerland,0
Manuf. of Chemicals & Chemical products,Switzerland,0
Manuf. of Pharma products,Switzerland,35268
"Manuf. of Rubber, Plastics & Nonmetallic products ",Switzerland,0
Manuf. of rubber & Plastics products,Switzerland,2902
Manuf. of other Nonmetallic Mineral products,Switzerland,2498
Manuf. Basic Metals & Fabricated metal prod.,Switzerland,10954
"Manuf. of computer, Electronic & Optical products ",Switzerland,19885
Manuf. of Electrical equipment ,Switzerland,5127
Manuf. of Machinery & Equipment n.e.c. ,Switzerland,12098
Manuf. of transport equipment ,Switzerland,2654
Other Manuf. Products,Switzerland,14015
"Electricity, gas, steam & Air Cond. supply ",Switzerland,8348
"Water supply, Waste management & similar",Switzerland,1988
Construction ,Switzerland,36092
"Wholesale, Retail Trade & Repair of motor vehicles",Switzerland,93685
Transportation & Storage ,Switzerland,28406
Land transport & Transport via pipelines ,Switzerland,0
Water transport ,Switzerland,0
Air transport ,Switzerland,0
Warehousing & Support activities for transportation ,Switzerland,0
Postal & Courier activities ,Switzerland,0
Accommodation & Food service activ.,Switzerland,11304
Inform. & Communic.,Switzerland,0
"Publishing, Audiovisual & Broadcasting activ.",Switzerland,3484
Telecoms.,Switzerland,8301
IT & Inform. Servic.,Switzerland,16003
Financial & Insurance activ.,Switzerland,61378
Real estate activities ,Switzerland,50157
"Professional, Scient. & Technical activ.",Switzerland,0
"Legal, Management Accounting, Architecture Engineering",Switzerland,37865
Scientific research & Development ,Switzerland,7623
"Other professional, Scientific & Technical activities ",Switzerland,4039
"Admin, & Support Service activities ",Switzerland,18962
Rental & Leasing activ.,Switzerland,0
Employment activ.,Switzerland,0
"Travel agency, Tour operator & related activ.",Switzerland,0
"Security, Services to buildings & Related activities ",Switzerland,0
Public Admin. & Defence,Switzerland,71015
Education ,Switzerland,4005
Human Health & Social work activ. ,Switzerland,53596
"Arts, Recreation & Entertainment",Switzerland,4098
"Arts, Cultural & Gambling activ.",Switzerland,0
Sports activities & Recreational activ.,Switzerland,0
Other Service activ.,Switzerland,11979
"Agriculture, Forestry & Fishing ",Turkey,50093
"Animal product, Hunting, Crops & other.",Turkey,0
Forestry & logging ,Turkey,0
Fishing & Aquaculture ,Turkey,0
Mining & Quarrying ,Turkey,7377
Manufacturing ,Turkey,144877
"Manuf. of Food, Beverages & Tobacco products ",Turkey,0
"Manuf. of textiles, Wearing apparel & Other",Turkey,0
Manuf. of wood & Paper products ,Turkey,0
"Manuf. of wood & Products of wood & Cork,etc. ",Turkey,0
Manuf. of paper & Paper products ,Turkey,0
Printing & Reproduction of Recorded media ,Turkey,0
Manuf. of coke & Refined petroleum ,Turkey,0
Manuf. of Chemicals & Chemical products,Turkey,0
Manuf. of Pharma products,Turkey,0
"Manuf. of Rubber, Plastics & Nonmetallic products ",Turkey,0
Manuf. of rubber & Plastics products,Turkey,0
Manuf. of other Nonmetallic Mineral products,Turkey,0
Manuf. Basic Metals & Fabricated metal prod.,Turkey,0
"Manuf. of computer, Electronic & Optical products ",Turkey,0
Manuf. of Electrical equipment ,Turkey,0
Manuf. of Machinery & Equipment n.e.c. ,Turkey,0
Manuf. of transport equipment ,Turkey,0
Other Manuf. Products,Turkey,0
"Electricity, gas, steam & Air Cond. supply ",Turkey,9956
"Water supply, Waste management & similar",Turkey,7876
Construction ,Turkey,70446
"Wholesale, Retail Trade & Repair of motor vehicles",Turkey,97503
Transportation & Storage ,Turkey,63718
Land transport & Transport via pipelines ,Turkey,0
Water transport ,Turkey,0
Air transport ,Turkey,0
Warehousing & Support activities for transportation ,Turkey,0
Postal & Courier activities ,Turkey,0
Accommodation & Food service activ.,Turkey,22196
Inform. & Communic.,Turkey,20738
"Publishing, Audiovisual & Broadcasting activ.",Turkey,0
Telecoms.,Turkey,0
IT & Inform. Servic.,Turkey,0
Financial & Insurance activ.,Turkey,26656
Real estate activities ,Turkey,58862
"Professional, Scient. & Technical activ.",Turkey,19425
"Legal, Management Accounting, Architecture Engineering",Turkey,0
Scientific research & Development ,Turkey,0
"Other professional, Scientific & Technical activities ",Turkey,0
"Admin, & Support Service activities ",Turkey,25302
Rental & Leasing activ.,Turkey,0
Employment activ.,Turkey,0
"Travel agency, Tour operator & related activ.",Turkey,0
"Security, Services to buildings & Related activities ",Turkey,0
Public Admin. & Defence,Turkey,35452
Education ,Turkey,33963
Human Health & Social work activ. ,Turkey,19850
"Arts, Recreation & Entertainment",Turkey,7292
"Arts, Cultural & Gambling activ.",Turkey,0
Sports activities & Recreational activ.,Turkey,0
Other Service activ.,Turkey,8327
"Agriculture, Forestry & Fishing ",United States,0
"Animal product, Hunting, Crops & other.",United States,162480
Forestry & logging ,United States,12402
Fishing & Aquaculture ,United States,3697
Mining & Quarrying ,United States,258647
Manufacturing ,United States,0
"Manuf. of Food, Beverages & Tobacco products ",United States,246271
"Manuf. of textiles, Wearing apparel & Other",United States,27712
Manuf. of wood & Paper products ,United States,0
"Manuf. of wood & Products of wood & Cork,etc. ",United States,38009
Manuf. of paper & Paper products ,United States,58779
Printing & Reproduction of Recorded media ,United States,39126
Manuf. of coke & Refined petroleum ,United States,117651
Manuf. of Chemicals & Chemical products,United States,192944
Manuf. of Pharma products,United States,156081
"Manuf. of Rubber, Plastics & Nonmetallic products ",United States,0
Manuf. of rubber & Plastics products,United States,82500
Manuf. of other Nonmetallic Mineral products,United States,63234
Manuf. Basic Metals & Fabricated metal prod.,United States,223135
"Manuf. of computer, Electronic & Optical products ",United States,283094
Manuf. of Electrical equipment ,United States,58685
Manuf. of Machinery & Equipment n.e.c. ,United States,149892
Manuf. of transport equipment ,United States,297678
Other Manuf. Products,United States,138528
"Electricity, gas, steam & Air Cond. supply ",United States,267618
"Water supply, Waste management & similar",United States,68577
Construction ,United States,779727
"Wholesale, Retail Trade & Repair of motor vehicles",United States,1921047
Transportation & Storage ,United States,0
Land transport & Transport via pipelines ,United States,278707
Water transport ,United States,14511
Air transport ,United States,114650
Warehousing & Support activities for transportation ,United States,130702
Postal & Courier activities ,United States,89875
Accommodation & Food service activ.,United States,521303
Inform. & Communic.,United States,0
"Publishing, Audiovisual & Broadcasting activ.",United States,443676
Telecoms.,United States,308289
IT & Inform. Servic.,United States,580954
Financial & Insurance activ.,United States,1436790
Real estate activities ,United States,2386914
"Professional, Scient. & Technical activ.",United States,0
"Legal, Management Accounting, Architecture Engineering",United States,1121693
Scientific research & Development ,United States,114812
"Other professional, Scientific & Technical activities ",United States,234676
"Admin, & Support Service activities ",United States,0
Rental & Leasing activ.,United States,211849
Employment activ.,United States,249321
"Travel agency, Tour operator & related activ.",United States,23564
"Security, Services to buildings & Related activities ",United States,267318
Public Admin. & Defence,United States,1626962
Education ,United States,1054955
Human Health & Social work activ. ,United States,1447590
"Arts, Recreation & Entertainment",United States,0
"Arts, Cultural & Gambling activ.",United States,109581
Sports activities & Recreational activ.,United States,89761
Other Service activ.,United States,297233
